aa_substitution,Cons_aa,Query_aa,Grantham_dist,non_syno_aa_mut_freq,GS*aa_freq,sum_aa_count,sum_GS*aa_count,Average_GS
A - T,A,T,58,28614,1659612,71080,4957739,70.0
A - V,A,V,64,24273,1553472,71080,4957739,70.0
A - S,A,S,99,7558,748242,71080,4957739,70.0
A - E,A,E,107,3300,353100,71080,4957739,70.0
A - D,A,D,126,3165,398790,71080,4957739,70.0
A - G,A,G,60,2136,128160,71080,4957739,70.0
A - P,A,P,27,1221,32967,71080,4957739,70.0
A - K,A,K,106,300,31800,71080,4957739,70.0
A - I,A,I,94,213,20022,71080,4957739,70.0
A - N,A,N,111,104,11544,71080,4957739,70.0
A - R,A,R,112,80,8960,71080,4957739,70.0
A - Q,A,Q,91,35,3185,71080,4957739,70.0
A - L,A,L,96,27,2592,71080,4957739,70.0
A - F,A,F,113,25,2825,71080,4957739,70.0
A - H,A,H,86,16,1376,71080,4957739,70.0
A - M,A,M,84,13,1092,71080,4957739,70.0
C - R,C,R,180,3004,540720,6321,1112770,176.0
C - Y,C,Y,194,1044,202536,6321,1112770,176.0
C - G,C,G,159,767,121953,6321,1112770,176.0
C - S,C,S,112,379,42448,6321,1112770,176.0
C - I,C,I,198,349,69102,6321,1112770,176.0
C - N,C,N,139,273,37947,6321,1112770,176.0
C - F,C,F,205,182,37310,6321,1112770,176.0
C - H,C,H,174,165,28710,6321,1112770,176.0
C - L,C,L,198,68,13464,6321,1112770,176.0
C - K,C,K,202,50,10100,6321,1112770,176.0
C - W,C,W,215,34,7310,6321,1112770,176.0
C - A,C,A,195,6,1170,6321,1112770,176.0
D - N,D,N,23,15157,348611,29729,1510868,51.0
D - E,D,E,45,6667,300015,29729,1510868,51.0
D - G,D,G,94,4163,391322,29729,1510868,51.0
D - A,D,A,126,2248,283248,29729,1510868,51.0
D - Y,D,Y,160,581,92960,29729,1510868,51.0
D - V,D,V,152,295,44840,29729,1510868,51.0
D - H,D,H,81,236,19116,29729,1510868,51.0
D - S,D,S,65,199,12935,29729,1510868,51.0
D - K,D,K,101,72,7272,29729,1510868,51.0
D - R,D,R,96,60,5760,29729,1510868,51.0
D - P,D,P,108,26,2808,29729,1510868,51.0
D - T,D,T,85,19,1615,29729,1510868,51.0
D - Q,D,Q,61,6,366,29729,1510868,51.0
E - K,E,K,56,6252,350112,19997,1314581,66.0
E - D,E,D,45,4881,219645,19997,1314581,66.0
E - A,E,A,107,3090,330630,19997,1314581,66.0
E - G,E,G,98,2767,271166,19997,1314581,66.0
E - Q,E,Q,29,2007,58203,19997,1314581,66.0
E - V,E,V,121,400,48400,19997,1314581,66.0
E - T,E,T,65,249,16185,19997,1314581,66.0
E - R,E,R,54,140,7560,19997,1314581,66.0
E - N,E,N,42,137,5754,19997,1314581,66.0
E - S,E,S,80,29,2320,19997,1314581,66.0
E - L,E,L,138,26,3588,19997,1314581,66.0
E - H,E,H,40,16,640,19997,1314581,66.0
E - M,E,M,126,3,378,19997,1314581,66.0
F - L,F,L,22,4341,95502,8621,608254,71.0
F - S,F,S,155,1625,251875,8621,608254,71.0
F - C,F,C,205,804,164820,8621,608254,71.0
F - Y,F,Y,22,701,15422,8621,608254,71.0
F - V,F,V,50,520,26000,8621,608254,71.0
F - I,F,I,21,204,4284,8621,608254,71.0
F - P,F,P,114,179,20406,8621,608254,71.0
F - A,F,A,113,161,18193,8621,608254,71.0
F - G,F,G,153,58,8874,8621,608254,71.0
F - T,F,T,103,27,2781,8621,608254,71.0
F - R,F,R,97,1,97,8621,608254,71.0
G - S,G,S,56,6373,356888,21690,1930271,89.0
G - D,G,D,94,5073,476862,21690,1930271,89.0
G - E,G,E,98,2659,260582,21690,1930271,89.0
G - R,G,R,125,2269,283625,21690,1930271,89.0
G - V,G,V,109,1773,193257,21690,1930271,89.0
G - N,G,N,80,1226,98080,21690,1930271,89.0
G - A,G,A,60,1050,63000,21690,1930271,89.0
G - C,G,C,159,635,100965,21690,1930271,89.0
G - L,G,L,138,276,38088,21690,1930271,89.0
G - W,G,W,184,244,44896,21690,1930271,89.0
G - I,G,I,135,55,7425,21690,1930271,89.0
G - K,G,K,127,37,4699,21690,1930271,89.0
G - Q,G,Q,87,16,1392,21690,1930271,89.0
G - F,G,F,153,2,306,21690,1930271,89.0
G - T,G,T,59,1,59,21690,1930271,89.0
G - Y,G,Y,147,1,147,21690,1930271,89.0
H - R,H,R,29,4530,131370,16432,953130,58.0
H - Y,H,Y,83,4483,372089,16432,953130,58.0
H - Q,H,Q,24,2424,58176,16432,953130,58.0
H - N,H,N,68,1883,128044,16432,953130,58.0
H - D,H,D,81,1339,108459,16432,953130,58.0
H - L,H,L,99,673,66627,16432,953130,58.0
H - P,H,P,77,573,44121,16432,953130,58.0
H - S,H,S,89,284,25276,16432,953130,58.0
H - G,H,G,98,104,10192,16432,953130,58.0
H - F,H,F,100,49,4900,16432,953130,58.0
H - K,H,K,32,35,1120,16432,953130,58.0
H - E,H,E,40,30,1200,16432,953130,58.0
H - T,H,T,47,22,1034,16432,953130,58.0
H - C,H,C,174,3,522,16432,953130,58.0
I - V,I,V,29,16954,491666,28964,1214909,42.0
I - T,I,T,89,5103,454167,28964,1214909,42.0
I - M,I,M,10,2496,24960,28964,1214909,42.0
I - L,I,L,5,2096,10480,28964,1214909,42.0
I - S,I,S,142,1059,150378,28964,1214909,42.0
I - F,I,F,21,627,13167,28964,1214909,42.0
I - A,I,A,94,290,27260,28964,1214909,42.0
I - N,I,N,149,130,19370,28964,1214909,42.0
I - R,I,R,97,104,10088,28964,1214909,42.0
I - D,I,D,168,29,4872,28964,1214909,42.0
I - G,I,G,135,29,3915,28964,1214909,42.0
I - H,I,H,94,26,2444,28964,1214909,42.0
I - K,I,K,102,21,2142,28964,1214909,42.0
K - R,K,R,26,4775,124150,16121,922429,57.0
K - E,K,E,56,3951,221256,16121,922429,57.0
K - Q,K,Q,53,2571,136263,16121,922429,57.0
K - N,K,N,94,2365,222310,16121,922429,57.0
K - T,K,T,78,1463,114114,16121,922429,57.0
K - L,K,L,107,273,29211,16121,922429,57.0
K - A,K,A,106,249,26394,16121,922429,57.0
K - S,K,S,121,130,15730,16121,922429,57.0
K - I,K,I,102,79,8058,16121,922429,57.0
K - G,K,G,127,75,9525,16121,922429,57.0
K - P,K,P,103,64,6592,16121,922429,57.0
K - H,K,H,32,53,1696,16121,922429,57.0
K - M,K,M,95,42,3990,16121,922429,57.0
K - D,K,D,101,30,3030,16121,922429,57.0
K - W,K,W,110,1,110,16121,922429,57.0
L - F,L,F,22,4633,101926,19043,1004702,53.0
L - I,L,I,5,2893,14465,19043,1004702,53.0
L - V,L,V,32,2569,82208,19043,1004702,53.0
L - P,L,P,98,2247,220206,19043,1004702,53.0
L - M,L,M,15,2074,31110,19043,1004702,53.0
L - S,L,S,145,1983,287535,19043,1004702,53.0
L - R,L,R,102,1088,110976,19043,1004702,53.0
L - H,L,H,99,568,56232,19043,1004702,53.0
L - Q,L,Q,113,431,48703,19043,1004702,53.0
L - W,L,W,61,278,16958,19043,1004702,53.0
L - T,L,T,92,110,10120,19043,1004702,53.0
L - G,L,G,138,59,8142,19043,1004702,53.0
L - C,L,C,198,55,10890,19043,1004702,53.0
L - A,L,A,96,53,5088,19043,1004702,53.0
L - K,L,K,107,1,107,19043,1004702,53.0
L - Y,L,Y,36,1,36,19043,1004702,53.0
M - I,M,I,10,4851,48510,10383,339648,33.0
M - T,M,T,81,2234,180954,10383,339648,33.0
M - L,M,L,15,1880,28200,10383,339648,33.0
M - V,M,V,21,813,17073,10383,339648,33.0
M - S,M,S,135,184,24840,10383,339648,33.0
M - R,M,R,91,168,15288,10383,339648,33.0
M - A,M,A,84,143,12012,10383,339648,33.0
M - K,M,K,95,38,3610,10383,339648,33.0
M - E,M,E,126,29,3654,10383,339648,33.0
M - D,M,D,160,25,4000,10383,339648,33.0
M - P,M,P,87,17,1479,10383,339648,33.0
M - F,M,F,28,1,28,10383,339648,33.0
N - D,N,D,23,8755,201365,22383,1173795,52.0
N - S,N,S,46,6147,282762,22383,1173795,52.0
N - K,N,K,94,2161,203134,22383,1173795,52.0
N - H,N,H,68,1714,116552,22383,1173795,52.0
N - T,N,T,65,1259,81835,22383,1173795,52.0
N - Y,N,Y,143,710,101530,22383,1173795,52.0
N - I,N,I,149,646,96254,22383,1173795,52.0
N - A,N,A,111,263,29193,22383,1173795,52.0
N - R,N,R,86,256,22016,22383,1173795,52.0
N - G,N,G,80,235,18800,22383,1173795,52.0
N - Q,N,Q,46,94,4324,22383,1173795,52.0
N - C,N,C,139,84,11676,22383,1173795,52.0
N - E,N,E,42,37,1554,22383,1173795,52.0
N - V,N,V,133,19,2527,22383,1173795,52.0
N - P,N,P,91,3,273,22383,1173795,52.0
P - S,P,S,74,10814,800236,22505,1647566,73.0
P - L,P,L,98,4620,452760,22505,1647566,73.0
P - T,P,T,38,2177,82726,22505,1647566,73.0
P - A,P,A,27,1804,48708,22505,1647566,73.0
P - Q,P,Q,76,1326,100776,22505,1647566,73.0
P - H,P,H,77,817,62909,22505,1647566,73.0
P - R,P,R,103,608,62624,22505,1647566,73.0
P - F,P,F,114,242,27588,22505,1647566,73.0
P - I,P,I,95,31,2945,22505,1647566,73.0
P - K,P,K,103,29,2987,22505,1647566,73.0
P - N,P,N,91,28,2548,22505,1647566,73.0
P - M,P,M,87,7,609,22505,1647566,73.0
P - D,P,D,108,1,108,22505,1647566,73.0
P - G,P,G,42,1,42,22505,1647566,73.0
Q - R,Q,R,43,8970,385710,18063,853861,47.0
Q - K,Q,K,53,4332,229596,18063,853861,47.0
Q - H,Q,H,24,1940,46560,18063,853861,47.0
Q - E,Q,E,29,1007,29203,18063,853861,47.0
Q - P,Q,P,76,846,64296,18063,853861,47.0
Q - L,Q,L,113,506,57178,18063,853861,47.0
Q - Y,Q,Y,99,169,16731,18063,853861,47.0
Q - V,Q,V,96,56,5376,18063,853861,47.0
Q - N,Q,N,46,46,2116,18063,853861,47.0
Q - S,Q,S,68,43,2924,18063,853861,47.0
Q - A,Q,A,91,36,3276,18063,853861,47.0
Q - W,Q,W,130,32,4160,18063,853861,47.0
Q - G,Q,G,87,29,2523,18063,853861,47.0
Q - M,Q,M,101,28,2828,18063,853861,47.0
Q - D,Q,D,61,22,1342,18063,853861,47.0
Q - T,Q,T,42,1,42,18063,853861,47.0
R - H,R,H,29,8148,236292,32203,2558951,79.0
R - Q,R,Q,43,7905,339915,32203,2558951,79.0
R - C,R,C,180,5105,918900,32203,2558951,79.0
R - G,R,G,125,2890,361250,32203,2558951,79.0
R - W,R,W,101,2369,239269,32203,2558951,79.0
R - K,R,K,26,1691,43966,32203,2558951,79.0
R - S,R,S,110,1673,184030,32203,2558951,79.0
R - L,R,L,102,1152,117504,32203,2558951,79.0
R - P,R,P,103,741,76323,32203,2558951,79.0
R - Y,R,Y,77,278,21406,32203,2558951,79.0
R - E,R,E,54,69,3726,32203,2558951,79.0
R - T,R,T,71,45,3195,32203,2558951,79.0
R - N,R,N,86,35,3010,32203,2558951,79.0
R - A,R,A,112,30,3360,32203,2558951,79.0
R - M,R,M,91,26,2366,32203,2558951,79.0
R - I,R,I,97,22,2134,32203,2558951,79.0
R - D,R,D,96,16,1536,32203,2558951,79.0
R - V,R,V,96,7,672,32203,2558951,79.0
R - F,R,F,97,1,97,32203,2558951,79.0
S - N,S,N,46,6436,296056,33501,2895765,86.0
S - L,S,L,145,4679,678455,33501,2895765,86.0
S - G,S,G,56,4668,261408,33501,2895765,86.0
S - P,S,P,74,4555,337070,33501,2895765,86.0
S - A,S,A,99,4061,402039,33501,2895765,86.0
S - T,S,T,58,3055,177190,33501,2895765,86.0
S - R,S,R,110,1530,168300,33501,2895765,86.0
S - F,S,F,155,1310,203050,33501,2895765,86.0
S - C,S,C,112,758,84896,33501,2895765,86.0
S - I,S,I,142,747,106074,33501,2895765,86.0
S - Y,S,Y,144,347,49968,33501,2895765,86.0
S - K,S,K,121,335,40535,33501,2895765,86.0
S - D,S,D,65,293,19045,33501,2895765,86.0
S - H,S,H,89,291,25899,33501,2895765,86.0
S - Q,S,Q,68,288,19584,33501,2895765,86.0
S - W,S,W,177,148,26196,33501,2895765,86.0
T - A,T,A,58,20433,1185114,43477,2922774,67.0
T - I,T,I,89,7186,639554,43477,2922774,67.0
T - M,T,M,81,5306,429786,43477,2922774,67.0
T - N,T,N,65,3078,200070,43477,2922774,67.0
T - S,T,S,58,3009,174522,43477,2922774,67.0
T - K,T,K,78,1631,127218,43477,2922774,67.0
T - P,T,P,38,1283,48754,43477,2922774,67.0
T - V,T,V,69,621,42849,43477,2922774,67.0
T - R,T,R,71,324,23004,43477,2922774,67.0
T - F,T,F,103,299,30797,43477,2922774,67.0
T - D,T,D,85,138,11730,43477,2922774,67.0
T - G,T,G,59,96,5664,43477,2922774,67.0
T - Q,T,Q,42,59,2478,43477,2922774,67.0
T - L,T,L,92,11,1012,43477,2922774,67.0
T - E,T,E,65,2,130,43477,2922774,67.0
T - Y,T,Y,92,1,92,43477,2922774,67.0
V - I,V,I,29,22193,643597,45189,2062961,46.0
V - A,V,A,64,12652,809728,45189,2062961,46.0
V - L,V,L,32,2664,85248,45189,2062961,46.0
V - M,V,M,21,2297,48237,45189,2062961,46.0
V - G,V,G,109,1706,185954,45189,2062961,46.0
V - T,V,T,69,1330,91770,45189,2062961,46.0
V - F,V,F,50,1230,61500,45189,2062961,46.0
V - D,V,D,152,370,56240,45189,2062961,46.0
V - E,V,E,121,307,37147,45189,2062961,46.0
V - K,V,K,97,279,27063,45189,2062961,46.0
V - N,V,N,133,58,7714,45189,2062961,46.0
V - Q,V,Q,96,47,4512,45189,2062961,46.0
V - P,V,P,68,36,2448,45189,2062961,46.0
V - Y,V,Y,55,9,495,45189,2062961,46.0
V - S,V,S,124,9,1116,45189,2062961,46.0
V - R,V,R,96,2,192,45189,2062961,46.0
W - R,W,R,101,1640,165640,3030,354181,117.0
W - L,W,L,61,492,30012,3030,354181,117.0
W - G,W,G,184,369,67896,3030,354181,117.0
W - S,W,S,177,230,40710,3030,354181,117.0
W - C,W,C,215,185,39775,3030,354181,117.0
W - Y,W,Y,37,30,1110,3030,354181,117.0
W - E,W,E,152,29,4408,3030,354181,117.0
W - F,W,F,40,28,1120,3030,354181,117.0
W - Q,W,Q,130,27,3510,3030,354181,117.0
Y - H,Y,H,83,2510,208330,6087,709164,117.0
Y - C,Y,C,194,1515,293910,6087,709164,117.0
Y - F,Y,F,22,673,14806,6087,709164,117.0
Y - D,Y,D,160,584,93440,6087,709164,117.0
Y - S,Y,S,144,373,53712,6087,709164,117.0
Y - R,Y,R,77,123,9471,6087,709164,117.0
Y - N,Y,N,143,110,15730,6087,709164,117.0
Y - G,Y,G,147,57,8379,6087,709164,117.0
Y - P,Y,P,110,51,5610,6087,709164,117.0
Y - I,Y,I,33,28,924,6087,709164,117.0
Y - W,Y,W,37,28,1036,6087,709164,117.0
Y - A,Y,A,112,27,3024,6087,709164,117.0
Y - Q,Y,Q,99,8,792,6087,709164,117.0
