,Unnamed: 0.2,Unnamed: 0.1,Gene,AA_pos,Amino_acid,Sequence_type,Genome_count,Unnamed: 0
309586,314305,29496,trpF,86,A,Variant,46,
309587,314306,8162,trpF,86,V,Dominant,561,0.0
309588,314307,29499,trpF,203,I,Variant,15,
309589,314308,8045,trpF,203,T,Dominant,592,0.0
309590,314309,29498,trpF,91,L,Variant,15,
309591,314310,8157,trpF,91,I,Dominant,592,0.0
309592,314311,29497,trpF,132,G,Variant,37,
309593,314312,29537,trpF,132,N,Variant,1,
309594,314313,8116,trpF,132,D,Dominant,569,0.0
309595,314314,29495,trpF,47,A,Variant,51,
309596,314315,8201,trpF,47,S,Dominant,556,0.0
309597,314316,8075,trpF,173,G,Dominant,607,0.0
309598,314317,29493,trpF,85,A,Variant,51,
309599,314318,8163,trpF,85,T,Dominant,556,0.0
309600,314319,29492,trpF,164,C,Variant,202,
309601,314320,29509,trpF,164,Q,Variant,8,
309602,314321,29526,trpF,164,H,Variant,5,
309603,314322,8084,trpF,164,Y,Dominant,392,0.0
309604,314323,29491,trpF,11,Q,Variant,252,
309605,314324,8237,trpF,11,R,Dominant,355,0.0
309606,314325,29500,trpF,156,V,Variant,13,
309607,314326,8092,trpF,156,I,Dominant,594,0.0
309608,314327,29494,trpF,52,S,Variant,51,
309609,314328,8196,trpF,52,P,Dominant,556,0.0
309610,314329,29501,trpF,182,H,Variant,13,
309611,314330,8066,trpF,182,R,Dominant,594,0.0
309612,314331,29525,trpF,158,M,Variant,5,
309613,314332,8090,trpF,158,T,Dominant,602,0.0
309614,314333,29503,trpF,72,M,Variant,13,
309615,314334,29520,trpF,72,L,Variant,5,
309616,314335,8176,trpF,72,V,Dominant,589,0.0
309617,314336,8052,trpF,196,G,Dominant,607,0.0
309618,314337,8051,trpF,197,V,Dominant,607,0.0
309619,314338,8050,trpF,198,S,Dominant,607,0.0
309620,314339,8049,trpF,199,T,Dominant,599,0.0
309621,314340,29504,trpF,199,A,Variant,8,
309622,314341,8048,trpF,200,P,Dominant,607,0.0
309623,314342,8047,trpF,201,L,Dominant,607,0.0
309624,314343,8046,trpF,202,L,Dominant,607,0.0
309625,314344,8044,trpF,204,E,Dominant,602,0.0
309626,314345,8043,trpF,205,I,Dominant,602,0.0
309627,314346,8042,trpF,206,R,Dominant,602,0.0
309628,314347,8041,trpF,207,R,Dominant,607,0.0
309629,314348,8040,trpF,208,N,Dominant,607,0.0
309630,314353,8053,trpF,195,T,Dominant,607,0.0
309631,314355,8054,trpF,194,Q,Dominant,607,0.0
309632,314356,8056,trpF,192,A,Dominant,601,0.0
309633,314357,29517,trpF,192,V,Variant,6,
309634,314358,8074,trpF,174,V,Dominant,607,0.0
309635,314359,8073,trpF,175,E,Dominant,607,0.0
309636,314360,8072,trpF,176,T,Dominant,607,0.0
309637,314361,8070,trpF,178,G,Dominant,599,0.0
309638,314362,29505,trpF,178,S,Variant,8,
309639,314363,8069,trpF,179,N,Dominant,607,0.0
309640,314364,8068,trpF,180,K,Dominant,607,0.0
309641,314365,8067,trpF,181,D,Dominant,607,0.0
309642,314366,8065,trpF,183,E,Dominant,594,0.0
309643,314367,29502,trpF,183,N,Variant,13,
309644,314368,8064,trpF,184,K,Dominant,607,0.0
309645,314369,8063,trpF,185,I,Dominant,607,0.0
309646,314370,8062,trpF,186,N,Dominant,607,0.0
309647,314371,8061,trpF,187,L,Dominant,607,0.0
309648,314372,8060,trpF,188,M,Dominant,607,0.0
309649,314373,8059,trpF,189,V,Dominant,605,0.0
309650,314374,29529,trpF,189,I,Variant,2,
309651,314375,8058,trpF,190,Q,Dominant,607,0.0
309652,314376,8057,trpF,191,R,Dominant,602,0.0
309653,314377,29527,trpF,191,W,Variant,5,
309654,314378,8055,trpF,193,H,Dominant,607,0.0
309655,314379,29546,trpF,83,Y,Variant,1,
309656,314380,8165,trpF,83,H,Dominant,606,0.0
309657,314381,29545,trpF,58,S,Variant,1,
309658,314382,8190,trpF,58,G,Dominant,606,0.0
309659,314383,29544,trpF,53,C,Variant,1,
309660,314384,8195,trpF,53,R,Dominant,606,0.0
309661,314385,29519,trpF,48,K,Variant,5,
309662,314386,8200,trpF,48,Q,Dominant,602,0.0
309663,314387,29518,trpF,137,R,Variant,6,
309664,314388,8111,trpF,137,Q,Dominant,601,0.0
309665,314389,29516,trpF,111,V,Variant,8,
309666,314390,8137,trpF,111,T,Dominant,599,0.0
309667,314391,29515,trpF,124,C,Variant,8,
309668,314392,8124,trpF,124,R,Dominant,599,0.0
309669,314393,29514,trpF,134,E,Variant,8,
309670,314394,8114,trpF,134,N,Dominant,599,0.0
309671,314395,29513,trpF,135,R,Variant,8,
309672,314396,8113,trpF,135,Q,Dominant,599,0.0
309673,314397,29512,trpF,142,T,Variant,8,
309674,314398,8106,trpF,142,V,Dominant,599,0.0
309675,314399,29511,trpF,157,T,Variant,8,
309676,314400,8091,trpF,157,V,Dominant,599,0.0
309677,314401,29510,trpF,163,L,Variant,8,
309678,314402,8085,trpF,163,V,Dominant,599,0.0
309679,314403,29508,trpF,168,I,Variant,8,
309680,314404,8080,trpF,168,V,Dominant,599,0.0
309681,314405,29507,trpF,123,T,Variant,8,
309682,314406,8125,trpF,123,A,Dominant,599,0.0
309683,314407,29506,trpF,171,S,Variant,8,
309684,314408,29528,trpF,171,T,Variant,3,
309685,314409,8077,trpF,171,A,Dominant,596,0.0
309686,314410,29521,trpF,107,L,Variant,5,
309687,314411,8141,trpF,107,P,Dominant,602,0.0
309688,314412,29522,trpF,106,P,Variant,5,
309689,314413,8142,trpF,106,T,Dominant,602,0.0
309690,314414,29523,trpF,94,S,Variant,5,
309691,314415,8154,trpF,94,L,Dominant,602,0.0
309692,314416,29524,trpF,93,P,Variant,5,
309693,314417,29534,trpF,93,T,Variant,1,
309694,314418,8155,trpF,93,S,Dominant,601,0.0
309695,314419,29543,trpF,25,V,Variant,1,
309696,314420,8223,trpF,25,A,Dominant,606,0.0
309697,314421,29542,trpF,15,A,Variant,1,
309698,314422,8233,trpF,15,V,Dominant,606,0.0
309699,314423,29541,trpF,7,Y,Variant,1,
309700,314424,8241,trpF,7,C,Dominant,606,0.0
309701,314425,29540,trpF,8,D,Variant,1,
309702,314426,8240,trpF,8,G,Dominant,606,0.0
309703,314427,29539,trpF,88,Y,Variant,1,
309704,314428,29532,trpF,88,N,Variant,2,
309705,314429,8160,trpF,88,D,Dominant,604,0.0
309706,314430,29538,trpF,140,C,Variant,1,
309707,314431,8108,trpF,140,R,Dominant,606,0.0
309708,314432,29536,trpF,112,R,Variant,1,
309709,314433,8136,trpF,112,Q,Dominant,606,0.0
309710,314434,29535,trpF,104,S,Variant,1,
309711,314435,8144,trpF,104,A,Dominant,606,0.0
309712,314436,29533,trpF,70,S,Variant,2,
309713,314437,8178,trpF,70,A,Dominant,605,0.0
309714,314438,29531,trpF,143,P,Variant,2,
309715,314439,8105,trpF,143,R,Dominant,605,0.0
309716,314440,29530,trpF,177,V,Variant,2,
309717,314441,8071,trpF,177,A,Dominant,605,0.0
309718,314442,8076,trpF,172,S,Dominant,607,0.0
309719,314443,8079,trpF,169,D,Dominant,607,0.0
309720,314444,8189,trpF,59,V,Dominant,607,0.0
309721,314445,8191,trpF,57,V,Dominant,607,0.0
309722,314446,8192,trpF,56,R,Dominant,607,0.0
309723,314447,8193,trpF,55,R,Dominant,607,0.0
309724,314448,8194,trpF,54,I,Dominant,607,0.0
309725,314449,8197,trpF,51,D,Dominant,607,0.0
309726,314450,8198,trpF,50,L,Dominant,607,0.0
309727,314451,8199,trpF,49,Q,Dominant,607,0.0
309728,314452,8202,trpF,46,L,Dominant,607,0.0
309729,314453,8203,trpF,45,Q,Dominant,607,0.0
309730,314454,8204,trpF,44,R,Dominant,607,0.0
309731,314455,8205,trpF,43,A,Dominant,607,0.0
309732,314456,8188,trpF,60,F,Dominant,607,0.0
309733,314457,8187,trpF,61,T,Dominant,607,0.0
309734,314458,8186,trpF,62,T,Dominant,607,0.0
309735,314459,8185,trpF,63,N,Dominant,607,0.0
309736,314460,8167,trpF,81,Q,Dominant,607,0.0
309737,314461,8168,trpF,80,V,Dominant,607,0.0
309738,314462,8169,trpF,79,V,Dominant,607,0.0
309739,314463,8170,trpF,78,Q,Dominant,607,0.0
309740,314464,8171,trpF,77,I,Dominant,607,0.0
309741,314465,8172,trpF,76,I,Dominant,607,0.0
309742,314466,8173,trpF,75,H,Dominant,607,0.0
309743,314467,8174,trpF,74,Q,Dominant,607,0.0
309744,314468,8206,trpF,42,T,Dominant,607,0.0
309745,314469,8175,trpF,73,Q,Dominant,607,0.0
309746,314470,8177,trpF,71,L,Dominant,607,0.0
309747,314471,8179,trpF,69,L,Dominant,607,0.0
309748,314472,8180,trpF,68,I,Dominant,607,0.0
309749,314473,8181,trpF,67,E,Dominant,607,0.0
309750,314474,8182,trpF,66,S,Dominant,607,0.0
309751,314475,8183,trpF,65,L,Dominant,607,0.0
309752,314476,8184,trpF,64,Q,Dominant,607,0.0
309753,314477,8166,trpF,82,L,Dominant,607,0.0
309754,314478,8208,trpF,40,M,Dominant,607,0.0
309755,314479,8210,trpF,38,I,Dominant,607,0.0
309756,314480,8234,trpF,14,D,Dominant,607,0.0
309757,314481,8235,trpF,13,A,Dominant,607,0.0
309758,314482,8236,trpF,12,P,Dominant,607,0.0
309759,314483,8238,trpF,10,M,Dominant,607,0.0
309760,314484,8239,trpF,9,L,Dominant,607,0.0
309761,314485,8242,trpF,6,I,Dominant,607,0.0
309762,314486,8243,trpF,5,K,Dominant,607,0.0
309763,314487,8244,trpF,4,I,Dominant,607,0.0
309764,314488,8245,trpF,3,Q,Dominant,607,0.0
309765,314489,8246,trpF,2,T,Dominant,607,0.0
309766,314490,8247,trpF,1,M,Dominant,607,0.0
309767,314491,8078,trpF,170,V,Dominant,607,0.0
309768,314492,8207,trpF,41,A,Dominant,607,0.0
309769,314493,8232,trpF,16,V,Dominant,607,0.0
309770,314494,8231,trpF,17,M,Dominant,607,0.0
309771,314495,8230,trpF,18,V,Dominant,607,0.0
309772,314496,8211,trpF,37,R,Dominant,607,0.0
309773,314497,8212,trpF,36,R,Dominant,607,0.0
309774,314498,8213,trpF,35,R,Dominant,607,0.0
309775,314499,8214,trpF,34,R,Dominant,607,0.0
309776,314500,8215,trpF,33,G,Dominant,607,0.0
309777,314501,8216,trpF,32,P,Dominant,607,0.0
309778,314502,8217,trpF,31,A,Dominant,607,0.0
309779,314503,8218,trpF,30,F,Dominant,607,0.0
309780,314504,8209,trpF,39,T,Dominant,607,0.0
309781,314505,8219,trpF,29,V,Dominant,607,0.0
309782,314506,8221,trpF,27,G,Dominant,607,0.0
309783,314507,8222,trpF,26,I,Dominant,607,0.0
309784,314508,8224,trpF,24,D,Dominant,607,0.0
309785,314509,8225,trpF,23,P,Dominant,607,0.0
309786,314510,8226,trpF,22,L,Dominant,607,0.0
309787,314511,8228,trpF,20,Q,Dominant,607,0.0
309788,314512,8229,trpF,19,N,Dominant,607,0.0
309789,314513,8220,trpF,28,M,Dominant,607,0.0
309790,314514,8227,trpF,21,A,Dominant,607,0.0
309791,314515,8102,trpF,146,I,Dominant,607,0.0
309792,314516,8103,trpF,145,F,Dominant,607,0.0
309793,314517,8104,trpF,144,P,Dominant,607,0.0
309794,314518,8107,trpF,141,P,Dominant,607,0.0
309795,314519,8109,trpF,139,Q,Dominant,607,0.0
309796,314520,8101,trpF,147,L,Dominant,607,0.0
309797,314521,8110,trpF,138,S,Dominant,607,0.0
309798,314522,8112,trpF,136,L,Dominant,607,0.0
309799,314523,8115,trpF,133,W,Dominant,607,0.0
309800,314524,8117,trpF,131,L,Dominant,607,0.0
309801,314525,8118,trpF,130,V,Dominant,607,0.0
309802,314526,8119,trpF,129,Q,Dominant,607,0.0
309803,314527,8120,trpF,128,G,Dominant,607,0.0
309804,314528,8100,trpF,148,A,Dominant,607,0.0
309805,314529,8098,trpF,150,G,Dominant,607,0.0
309806,314530,8164,trpF,84,A,Dominant,607,0.0
309807,314531,8081,trpF,167,M,Dominant,607,0.0
309808,314532,8082,trpF,166,A,Dominant,607,0.0
309809,314533,8083,trpF,165,P,Dominant,607,0.0
309810,314534,8086,trpF,162,K,Dominant,607,0.0
309811,314535,8099,trpF,149,G,Dominant,607,0.0
309812,314536,8087,trpF,161,N,Dominant,607,0.0
309813,314537,8089,trpF,159,A,Dominant,607,0.0
309814,314538,8093,trpF,155,N,Dominant,607,0.0
309815,314539,8094,trpF,154,T,Dominant,607,0.0
309816,314540,8095,trpF,153,P,Dominant,607,0.0
309817,314541,8097,trpF,151,L,Dominant,607,0.0
309818,314542,8088,trpF,160,I,Dominant,607,0.0
309819,314543,8121,trpF,127,S,Dominant,607,0.0
309820,314544,8096,trpF,152,T,Dominant,607,0.0
309821,314545,8149,trpF,99,V,Dominant,607,0.0
309822,314546,8140,trpF,108,A,Dominant,607,0.0
309823,314547,8143,trpF,105,M,Dominant,607,0.0
309824,314548,8145,trpF,103,Q,Dominant,607,0.0
309825,314549,8146,trpF,102,I,Dominant,607,0.0
309826,314550,8147,trpF,101,V,Dominant,607,0.0
309827,314551,8148,trpF,100,P,Dominant,607,0.0
309828,314552,8150,trpF,98,H,Dominant,607,0.0
309829,314553,8139,trpF,109,N,Dominant,607,0.0
309830,314554,8151,trpF,97,A,Dominant,607,0.0
309831,314555,8153,trpF,95,M,Dominant,607,0.0
309832,314556,8156,trpF,92,A,Dominant,607,0.0
309833,314557,8158,trpF,90,R,Dominant,607,0.0
309834,314558,8159,trpF,89,P,Dominant,607,0.0
309835,314559,8161,trpF,87,D,Dominant,607,0.0
309836,314560,8152,trpF,96,A,Dominant,607,0.0
309837,314561,8138,trpF,110,A,Dominant,607,0.0
309838,314562,8122,trpF,126,G,Dominant,607,0.0
309839,314563,8123,trpF,125,P,Dominant,607,0.0
309840,314564,8126,trpF,122,N,Dominant,607,0.0
309841,314565,8127,trpF,121,D,Dominant,607,0.0
309842,314566,8128,trpF,120,L,Dominant,607,0.0
309843,314567,8129,trpF,119,L,Dominant,607,0.0
309844,314568,8131,trpF,117,Y,Dominant,607,0.0
309845,314569,8132,trpF,116,D,Dominant,607,0.0
309846,314570,8133,trpF,115,A,Dominant,607,0.0
309847,314571,8134,trpF,114,Q,Dominant,607,0.0
309848,314572,8135,trpF,113,C,Dominant,607,0.0
309849,314573,8130,trpF,118,L,Dominant,607,0.0
